ID варианта,Название товара,Цена продажи,Параметр: Статус у поставщика
532776502,Нож Artisan Cutlery 1702PS-CF Tradition,5830.0,true
532479105,Нож Artisan Cutlery 1703P-CF Littoral,11160.0,true
532383149,Нож Artisan Cutlery 1703G-GY Littoral,18880.0,true
533043607,Нож Artisan Cutlery 1706P-BK Predator,5570.0,true
532783049,Нож Artisan Cutlery 1707PS-CF Shark,5830.0,true
532760078,Нож Artisan Cutlery 1802P-BKC Classic,5920.0,true
532476309,Нож Artisan Cutlery 1802GD-GN Classic,15110.0,true
532473434,Нож Artisan Cutlery 1802GD-BR Classic,15110.0,true
532396744,Нож Artisan Cutlery 1805G-GYS S Waistline,18880.0,true
533049033,Нож Artisan Cutlery 1807P-GNF Virgina,5230.0,true
532479651,Нож Artisan Cutlery 1807G-BWS Virgina,10810.0,true
532768842,Нож Artisan Cutlery 1807P-BW Virgina,5920.0,true
532479433,Нож Artisan Cutlery 1807G-BRS Virgina,10810.0,true
532774572,Нож Artisan Cutlery 1810P-GNC Hornet,5920.0,true
532397851,Нож Artisan Cutlery 1810G-BKS Hornet,18880.0,true
532413841,Нож Artisan Cutlery 1810G-GYS Hornet,18880.0,true
532621278,Нож Artisan Cutlery 1820P-GNF Proponent,6910.0,true
532618578,Нож Artisan Cutlery 1820P-CF Proponent,7340.0,true
532287065,Нож Artisan Cutlery 1820G-GYS Proponent,21460.0,true
532784507,Нож Artisan Cutlery 1821P-BKF Archaeo,5810.0,true
532786858,Нож Artisan Cutlery 1821P-GNF Archaeo,5810.0,true
532787742,Нож Artisan Cutlery 1821P-OEF Archaeo,5810.0,true
532382759,Нож Artisan Cutlery 1826G-BKS Pangolin,19960.0,true
532381930,Нож Artisan Cutlery 1839G-DCF Centauri,20160.0,true
532382366,Нож Artisan Cutlery 1843G-DRC Arion,20160.0,true
533052318,Нож Artisan Cutlery 1845P-GYF Arroyo,4630.0,true
533051213,Нож Artisan Cutlery 1845P-NTG Arroyo,4630.0,true
532627536,Нож Artisan Cutlery 1845P-ODG Arroyo,6640.0,true
532615485,Нож Artisan Cutlery 1848P-ODG Cazador,8640.0,true
532477717,Нож Artisan Cutlery 1849P-BODG Sirius,12960.0,true
532626138,Нож Artisan Cutlery 1849P-BBK Sirius,7050.0,true
532476932,Нож Artisan Cutlery 1849P-ODG Sirius,12960.0,true
532478764,Нож Artisan Cutlery 1849P-BDRC Sirius,12960.0,true
532622363,Нож Artisan Cutlery 1849P-BK Sirius,7050.0,true
532478272,Нож Artisan Cutlery 1849P-DRC Sirius,12960.0,true
532382561,Нож Artisan Cutlery 1849G-GY Sirius,20160.0,true
371747155,Нож Benchmade CU15080-SS-S90V Crooked River,35150.0,true
371748690,Нож Benchmade CU551-SS-S90V Griptilian,29130.0,true
424839155,Нож Benchmade 601-211 Tengu,62150.0,true
371743565,Нож Benchmade 940BK-2003 Osborne Reverse Tanto,42260.0,true
271504619,Нож Benchmade 15080BK-191 Crooked River Gold Class,157680.0,true
279126492,Нож Benchmade 496 Vector,38950.0,true
365971535,Нож Benchmade 565-1 Mini Freek,34490.0,true
217798034,Нож Benchmade 200 Puukko,17800.0,true
87710399,Нож Benchmade 551-1 Pardue Grip,24480.0,true
266039321,Нож Benchmade 707 Mchenry Sequel,30240.0,true
405164700,Набор отверток Benchmade 981084F Tool Kit,3460.0,true
534280165,Нож Boker 01BO613 Urban Trapper Premium CF,28420.0,true
534282565,Нож Boker 01BO614 Urban Trapper Premium G10 Jade,28420.0,true
534715787,Нож Boker 112565 Trapper Uno,12470.0,true
534716561,Нож Boker 113941 Barlow Castle Burg,10690.0,true
534717292,Набор кухонных ножей Boker 130791SET Core Professional Set,25310.0,true
534718438,Набор кухонных ножей Boker 130891SET Core Professional Set,17230.0,true
297356618,Нож Boker 110237DAM Leopard-Damast III Collection,67630.0,true
83805264,Нож Boker 01BO730 Urban Trapper,13090.0,true
465970309,Нож BUCK 0110CFSLE1 Folding Hunter Legacy Collection 2021,20250.0,true
209851893,Нож BUCK 0112RDS2 112 Slim Knife Select,3080.0,true
208887644,Нож BUCK 0110BKS1 110 Slim Knife Select,3960.0,true
209711640,Нож BUCK 0112BKS6 112 Slim Knife Pro,8100.0,true
209833787,Автоматический нож BUCK 0112BKSA 112 Auto Elite Knife,23420.0,true
208883130,Нож BUCK 0112BLS2 112 Slim Knife Select,3080.0,true
209842057,Нож BUCK 0112BRS6 112 Slim Knife Pro,8100.0,true
534077814,Нож CJRB J1919-WH Tigris,6050.0,true
534078830,Нож CJRB J1919-BU Tigris,6050.0,true
534064639,Нож CJRB J1920-BDRC Scoria,8150.0,true
534074364,Нож CJRB J1920-BBK Scoria,7050.0,true
534079953,Нож CJRB J1923-BBU Caldera,6050.0,true
534079425,Нож CJRB J1923-BRE Caldera,6050.0,true
534075992,Нож CJRB J1924-ODG Ruffian,6770.0,true
534076998,Нож CJRB J1924-BK Ruffian,5040.0,true
364139251,Нож Cold Steel 20NPM1 Ranch Boss 2,4980.0,true
206350478,Нож Cold Steel 20NQX Luzon Large,5170.0,true
206350924,Нож Cold Steel 20NQL Luzon Medium,4420.0,true
222434534,Нож Cold Steel 20MWC Crawford Model 1,4610.0,true
292751443,Нож Cold Steel 20NPJAA 1911,3130.0,true
304915755,Нож Cold Steel 26SY6 Ti-Lite 6 Lynn Thompson,10370.0,true
191705983,Нож Cold Steel 49LRT Recon Tanto SK-5,6640.0,true
81379045,Нож Cold Steel 95FB Pocket Bushman,4350.0,true
518059066,Набор бит CRKT 9910 6 BIT DRIVER TOOL,3560.0,true
446596815,Набор бит CRKT 9911 Hex Bit Driver Leather Tool Roll,5920.0,true
352189650,Нож CRKT 5225 BT Fighter,6320.0,true
352199112,Нож CRKT M40-03,11850.0,true
279161202,Нож CRKT 2630 Du Hoc,11850.0,true
81379877,Нож CRKT 2906 Otanashi noh Ken,11850.0,true
81381716,Нож CRKT 4040 Provoke,18000.0,true
267658368,Нож CRKT 7532 Jumbones,13820.0,true
511420214,Нож FOX knives FX-526LE CF Suru Carbon Limited,28510.0,true
511637377,Нож FOX knives FX-527 TIPVD Yaru,29610.0,true
511631494,Нож FOX knives FX-527 CF Yaru,32990.0,true
511632457,Нож FOX knives FX-527 TI Yaru,27820.0,true
511253422,Нож с фиксированным клинком FOX knives FX-AVES12,37410.0,true
511418317,Нож FOX knives FX-524 TiCF East Wood Tiger,34940.0,true
351357235,Нож FOX knives 599TiC KARAMBIT,33930.0,true
188036074,Нож FOX knives 599TiCS KARAMBIT,33380.0,true
494548792,Нож KERSHAW Tumbler 4038RD,9160.0,true
518069299,Нож KERSHAW Bareknuckle 7777BLKSW,14040.0,true
494548733,Нож KERSHAW Federalist 4320,13080.0,true
494554192,Нож KERSHAW Strata 2076,8310.0,true
494553993,Нож KERSHAW Strata XL 2077,10000.0,true
345643039,Автоматический нож KERSHAW Launch 11 7550 Launch 11,13460.0,true
507584373,Нож KERSHAW Tumbler 4038,9160.0,true
507583372,Нож KERSHAW Link 1776OLSW,11150.0,true
507584923,Нож KERSHAW Norad 5510,9160.0,true
307881387,Нож KERSHAW Dividend 1812OLCB,11540.0,true
307880881,Нож KERSHAW Leek 1660CU,12310.0,true
279414037,Нож KERSHAW Blur 1670CAMO,10000.0,true
374499903,нож KERSHAW Launch 13 7650,15770.0,true
267658919,Нож KERSHAW Reverb XL 1225,4150.0,true
260223117,Нож KERSHAW Bareknuckle 7777OLBW,11150.0,true
81379350,Нож KERSHAW Blur 1670OLBLK,9620.0,true
267663587,Нож KERSHAW Boilermaker 3475,5540.0,true
81379378,Нож KERSHAW Clash 1605,4850.0,true
507574734,Нож KERSHAW Blur 1670BLK,9620.0,true
507575150,Нож KERSHAW Blur 1670BW,9620.0,true
507574319,Нож KERSHAW Blur 1670NBSW,9620.0,true
81380305,Нож KERSHAW Blur 1670-S30V,11920.0,true
81379360,Нож KERSHAW Chill 3410,3690.0,true
201201170,Нож KERSHAW Concierge 4020,5770.0,true
210306144,Нож KERSHAW Atmos 4037,4850.0,true
213919301,Нож KERSHAW Natrix 7006CU,6300.0,true
209862291,Нож KERSHAW Natrix 7007TANBW,3810.0,true
223388331,Нож KERSHAW Bareknuckle 7777,10390.0,true
487694084,Нож Microtech UTX-85 231II-10S Stepside,42520.0,true
507342330,Нож Microtech Ultratech 123-2OD,41770.0,true
507361789,Нож Microtech 149-1T UTX-70,32700.0,true
507370590,Нож Microtech UTX-85 231-1OD,34780.0,true
507377047,Нож Microtech UTX-85 231II-1TS Stepside,44410.0,true
490481492,Нож Microtech Ultratech 121-11,39880.0,true
337558279,Нож Microtech Bastinelli Iconic Karambit 118-10R,33070.0,true
487701852,Тактическая ручка Microtech SIPHON II 401-SS-BKAP,20980.0,true
487702786,Тактическая ручка Microtech SIPHON II 401-SS-TAAP,20980.0,true
487702453,Тактическая ручка Microtech SIPHON II 401-SS-HOAP,20980.0,true
487702071,Тактическая ручка Microtech SIPHON II 401-SS-GYAP,20980.0,true
487701421,Тактическая ручка Microtech SIPHON II 401-SS-RDAP,20980.0,true
487647898,Нож Microtech Exocet 158-10,33070.0,true
487703124,Тактическая ручка Microtech SIPHON II 401-SS-ODAP,20980.0,true
487576832,Нож Microtech Ultratech Black 123-12,40830.0,true
431486246,Нож Microtech Ultratech Black 123-1RD,40830.0,true
206979440,Нож Microtech Ultratech Satin 121-1OD,40830.0,true
207132095,Нож Microtech Ultratech Satin 121-4,38940.0,true
508280274,Нож Microtech Ultratech Black 123-1OD,40830.0,true
487700692,Тактическая ручка Microtech SIPHON II 401-SS-HO,20980.0,true
104055769,Нож Ontario 9101 OKC Dozier Arrow,7590.0,true
107436433,Нож Ontario 9100 OKC Dozier Arrow,7370.0,true
363337298,Нож Pro-Tech Tactical Response TR-3,21060.0,true
449283164,Нож Viper V5986FCL Turn,30380.0,true
449282661,Нож Viper V5986MO Turn,27660.0,true
449283306,Нож Viper V5986CG Turn,25230.0,true
449283518,Нож Viper V5986GB Turn,25230.0,true
449284175,Нож Viper V5850CV Start,16780.0,true
449284473,Нож Viper V5850CN Start,16780.0,true
449284859,Нож Viper V5968GG Orso,21640.0,true
449286110,Нож Viper V5932FC Kyomi,24350.0,true
449287239,Нож Viper V5922STW TEN,21280.0,true
449287281,Нож Viper V5922GBK TEN,18630.0,true
449287510,Нож Viper V5922CBR TEN,18630.0,true
449287645,Нож Viper V5922FC TEN,21280.0,true
449285899,Нож Viper V5932TI Kyomi,24880.0,true
515282273,Футболка Zero Tolerance SHIRTZT201M,2630.0,true
515282035,Футболка Zero Tolerance SHIRTZT201L,2630.0,true
383425823,Нож Zero Tolerance 0990,26240.0,true
383420207,Нож Zero Tolerance 0762,37180.0,true
515282497,Футболка Zero Tolerance ZT 0357 SHIRTZT2021M,2630.0,true
383426653,Нож Zero Tolerance 0308BLKTS,37180.0,true
524267394,Бейсболка Zero Tolerance CAPZT201 Flag,2700.0,true
329620930,Нож Zero Tolerance 0707,29310.0,true
515282477,Футболка Zero Tolerance ZT 0357 SHIRTZT2021L,2630.0,true
301355601,Нож Zero Tolerance 0357,17500.0,true
305231844,Нож Zero Tolerance 0350TS Tiger Stripe,19250.0,true
325348911,Нож Zero Tolerance 0235,21000.0,true
267856595,"Чехол ZT универсальный на молнии, кожзам., овчина",1080.0,true
228484834,Нож Zero Tolerance 0022,24060.0,true
212118235,Нож Zero Tolerance 0640,29310.0,true
228494106,Нож Zero Tolerance 0393GLCF,32810.0,true
228502899,Нож Zero Tolerance 0562Ti,32810.0,true
287829294,Нож Zero Tolerance 0308,34990.0,true
259719705,Нож Zero Tolerance 0223,34990.0,true
301377092,Нож Zero Tolerance 0357BW,18370.0,true
90422972,Нож Zero Tolerance 0350,18370.0,true
177810453,Нож Zero Tolerance 0393BRZ,25240.0,true
81381649,Нож Zero Tolerance 0450,22750.0,true
90181044,Нож Zero Tolerance 0450CF,23620.0,true
81381648,Нож Zero Tolerance 0452CF,28430.0,true
177812307,Нож Zero Tolerance 0462,30620.0,true
208834897,Нож Zero Tolerance 0470,30620.0,true
140193450,Нож Zero Tolerance 0562CF,30620.0,true
174936673,Нож Zero Tolerance 0609,30620.0,true
